movieId,title,genres,imdbId,tmdbId,budget,genres_y,original_language,original_title,overview,popularity,release_date,revenue,runtime,vote_average,vote_count,poster_path
223,Clerks (1994),Comedy,109445,2292.0,27000,['Comedy'],en,Clerks,"Convenience and video store clerks Dante and Randal are sharp-witted, potty-mouthed and bored out of their minds. So in between needling customers, the counter jockeys play hockey on the roof, visit a funeral home and deal with their love lives.",19.748658,1994-09-13,3151130,92.0,7.4,755,
357,Four Weddings and a Funeral (1994),Comedy|Romance,109831,712.0,6000000,"['Comedy', 'Drama', 'Romance']",en,Four Weddings and a Funeral,Four Weddings And A Funeral is a British comedy about a British Man named Charles and an American Woman named Carrie who go through numerous weddings before they determine if they are right for one another.,29.834065,1994-03-09,254700832,117.0,6.6,632,
377,Speed (1994),Action|Romance|Thriller,111257,1637.0,30000000,"['Action', 'Adventure', 'Crime']",en,Speed,"Los Angeles SWAT cop Jack Traven is up against bomb expert Howard Payne, who's after major ransom money. First it's a rigged elevator in a very tall building. Then it's a rigged bus--if it slows, it will blow, bad enough any day, but a nightmare in LA traffic. And that's still not the end.",49.526736,1994-06-09,350448145,116.0,6.8,1783,
477,What's Love Got to Do with It? (1993),Drama|Musical,108551,15765.0,0,"['Drama', 'Music']",en,What's Love Got to Do with It,A film about the singer Tina Turner and how she rose to stardom with her abusive husband Ike Turner and how she gained the courage to break free.,7.921311,1993-06-09,0,118.0,6.9,72,
493,Menace II Society (1993),Action|Crime|Drama,107554,9516.0,3500000,"['Drama', 'Action', 'Crime']",en,Menace II Society,"Menace II Society is a coming of age tale detailing the summer after its protagonist Caine (Tyrin Turner) graduates from high school. This is Caine's story, which details real life in today's tough inner city.",3.418871,1993-05-26,27900000,97.0,7.2,173,
761,"Phantom, The (1996)",Action|Adventure,117331,9826.0,45000000,"['Adventure', 'Action']",en,The Phantom,The 21st successor to the role of Bengalla's resident superhero must travel to New York to prevent a rich madman from obtaining three magic skulls that would give him the secret to ultimate power.,9.025236,1996-06-06,17300889,100.0,4.7,136,
858,"Godfather, The (1972)",Crime|Drama,68646,238.0,6000000,"['Drama', 'Crime']",en,The Godfather,"Spanning the years 1945 to 1955, a chronicle of the fictional Italian-American Corleone crime family. When organized crime family patriarch, Vito Corleone barely survives an attempt on his life, his youngest son, Michael steps in to take care of the would-be killers, launching a campaign of bloody revenge.",143.659698,1972-03-14,245066411,175.0,8.4,5893,
914,My Fair Lady (1964),Comedy|Drama|Musical|Romance,58385,11113.0,17000000,"['Drama', 'Family', 'Music', 'Romance']",en,My Fair Lady,A misogynistic and snobbish phonetics professor agrees to a wager that he can take a flower girl and make her presentable in high society.,20.786616,1964-10-21,72070731,170.0,7.4,352,
976,"Farewell to Arms, A (1932)",Romance|War,22879,22649.0,4,"['Drama', 'Romance', 'War']",en,A Farewell to Arms,"British nurse Catherine Barkley (Helen Hayes) and American Lieutenant Frederic Henry (Gary Cooper) fall in love during the First World War in Italy. Eventually separated by Frederic's transfer, tremendous challenges and difficult decisions face each, as the war rages on. Academy Awards winner for Best Cinematography and for Best Sound, Recording. Nominated for Best Picture and for Best Art Direction.",1.199451,1932-12-08,25,89.0,6.2,28,
1051,Trees Lounge (1996),Drama,117958,27845.0,0,"['Comedy', 'Drama']",en,Trees Lounge,"Tommy has lost his job, his love and his life. He lives in a small apartment above the Trees Lounge, a bar which he frequents along with a few other regulars without lives. He gets a job driving an ice cream truck and ends up getting involved with the seventeen-year-old niece of his ex-girlfriend. This gets him into serious trouble with her father.",3.443916,1996-10-11,0,95.0,6.7,51,
1059,William Shakespeare's Romeo + Juliet (1996),Drama|Romance,117509,454.0,14500000,"['Drama', 'Romance']",en,Romeo + Juliet,"In director Baz Luhrmann's contemporary take on William Shakespeare's classic tragedy, the Montagues and Capulets have moved their ongoing feud to the sweltering suburb of Verona Beach, where Romeo and Juliet fall in love and secretly wed. Though the film is visually modern, the bard's dialogue remains.",41.493042,1996-10-31,147298761,120.0,6.7,1374,
1077,Sleeper (1973),Comedy|Sci-Fi,70707,11561.0,2000000,"['Comedy', 'Romance', 'Science Fiction']",en,Sleeper,"Miles Monroe, a clarinet-playing health food store proprietor, is revived out of cryostasis 200 years into a future world in order to help rebels fight an oppressive government regime.",10.664202,1973-12-17,18344729,89.0,7.0,200,
1114,"Funeral, The (1996)",Crime|Drama,116378,21612.0,12500000,"['Crime', 'Drama']",en,The Funeral,"The story concerns the funeral of one of three brothers in a family of gangsters that lived in New York in 1930s. Details of the past of the brothers and their families are shown through a series of flashbacks, climaxing in a shocking ending.",2.950618,1996-01-26,1227324,99.0,7.3,31,
1193,One Flew Over the Cuckoo's Nest (1975),Drama,73486,510.0,3000000,['Drama'],en,One Flew Over the Cuckoo's Nest,"While serving time for insanity at a state mental hospital, implacable rabble-rouser, Randle Patrick McMurphy inspires his fellow patients to rebel against the authoritarian rule of head nurse, Mildred Ratched.",127.525581,1975-11-18,108981275,133.0,8.2,2919,
1199,Brazil (1985),Fantasy|Sci-Fi,88846,68.0,15000000,"['Comedy', 'Science Fiction']",en,Brazil,"Low-level bureaucrat Sam Lowry escapes the monotony of his day-to-day life through a recurring daydream of himself as a virtuous hero saving a beautiful damsel. Investigating a case that led to the wrongful arrest and eventual death of an innocent man instead of wanted terrorist Harry Tuttle, he meets the woman from his daydream, and in trying to help her gets caught in a web of mistaken identities, mindless bureaucracy and lies.",41.089863,1985-02-20,0,132.0,7.5,861,
1234,"Sting, The (1973)",Comedy|Crime,70735,9277.0,5500000,"['Comedy', 'Crime', 'Drama']",en,The Sting,Set in the 1930's this intricate caper deals with an ambitious small-time crook and a veteran con man who seek revenge on a vicious crime lord who murdered one of their gang.,28.500913,1973-12-25,159616327,129.0,7.9,622,
1263,"Deer Hunter, The (1978)",Drama|War,77416,11778.0,15000000,"['Drama', 'War']",en,The Deer Hunter,"A group of working-class friends decides to enlist in the Army during the Vietnam War and finds it to be hellish chaos -- not the noble venture they imagined. Before they left, Steven married his pregnant girlfriend -- and Michael and Nick were in love with the same woman. But all three are different men upon their return.",19.786392,1978-12-08,50000000,183.0,7.8,921,
1346,Cat People (1982),Drama|Fantasy|Horror,83722,6217.0,0,"['Drama', 'Fantasy', 'Horror', 'Thriller']",en,Cat People,"After years of separation, Irina (Nastassja Kinski) and her minister brother, Paul (Malcolm McDowell), reunite in New Orleans in this erotic tale of the supernatural. When zoologists capture a wild panther, Irina is drawn to the cat -- and the zoo curator (John Heard) is drawn to her. Soon, Irina's brother will have to reveal the family secret: that when sexually aroused, they turn into predatory jungle cats.",5.69872,1982-04-02,0,118.0,6.0,94,
1442,Prefontaine (1997),Drama,119937,26306.0,8000000,"['Drama', 'Romance']",en,Prefontaine,"It's the true-life story of legendary track star Steve Prefontaine, the exciting and sometimes controversial ""James Dean of Track,"" whose spirit captured the heart of the nation! Cocky, charismatic, and tough, ""Pre"" was a running rebel who defied rules, pushed limits ... and smashed records ...",8.717235,1997-01-24,589304,106.0,6.7,21,
1479,"Saint, The (1997)",Action|Romance|Sci-Fi|Thriller,120053,10003.0,68000000,"['Thriller', 'Action', 'Romance', 'Science Fiction', 'Adventure']",en,The Saint,"Ivan Tretiak, Russian Mafia boss who wants to create an oil crisis in Moscow and seize power as a result sends Simon Templar, great international criminal, to England to get a secret formula for cold fusion from U.S. scientist Emma Russell. Templar falls in love with Emma and they try to outwit Tretiak and his guerrillas, hiding from them in Moscow",20.913852,1997-04-03,118063304,116.0,5.9,302,
1500,Grosse Pointe Blank (1997),Comedy|Crime|Romance,119229,9434.0,0,"['Action', 'Comedy', 'Thriller', 'Romance']",en,Grosse Pointe Blank,"Martin Blank is a freelance hitman who starts to develop a conscience, which causes him to muff a couple of routine assignments. On the advice of his secretary and his psychiatrist, he attends his 10th year High School reunion in Grosse Pointe, Michigan.",13.817269,1997-04-11,28084357,107.0,6.9,275,
1679,Chairman of the Board (1998),Comedy,118836,31535.0,0,['Comedy'],en,Chairman of the Board,A surfer becomes the head of a major company.,0.587276,1998-03-13,0,95.0,2.7,13,
1690,Alien: Resurrection (1997),Action|Horror|Sci-Fi,118583,8078.0,70000000,"['Science Fiction', 'Horror', 'Action']",en,Alien: Resurrection,"Two hundred years after Lt. Ripley died, a group of scientists clone her, hoping to breed the ultimate weapon. But the new Ripley is full of surprises … as are the new aliens. Ripley must team with a band of smugglers to keep the creatures from reaching Earth.",37.44963,1997-11-12,162000000,109.0,5.9,1365,
1833,Mercury Rising (1998),Action|Drama|Thriller,120749,8838.0,60000000,"['Action', 'Crime', 'Drama', 'Thriller']",en,Mercury Rising,"Renegade FBI agent Art Jeffries protects a nine-year-old autistic boy who has cracked the government's new ""unbreakable"" code.",18.877795,1998-04-03,0,111.0,6.0,368,
1894,Six Days Seven Nights (1998),Adventure|Comedy|Romance,120828,6068.0,70000000,"['Action', 'Adventure', 'Comedy', 'Romance']",en,Six Days Seven Nights,"When Quinn, a grouchy pilot living the good life in the South Pacific, agrees to transfer a savvy fashion editor, Robin, to Tahiti, he ends up stranded on a deserted island with her after their plane crashes. The pair avoid each other at first, until they're forced to team up to escape from the island -- and some pirates who want their heads.",18.264635,1998-06-12,164000000,98.0,5.6,332,
1939,"Best Years of Our Lives, The (1946)",Drama|War,36868,887.0,2100000,"['Drama', 'History', 'Romance']",en,The Best Years of Our Lives,"It's the hope that sustains the spirit of every GI: the dream of the day when he will finally return home. For three WWII veterans, the day has arrived. But for each man, the dream is about to become a nightmare. Captain Fred Derry is returning to a loveless marriage; Sergeant Al Stephenson is a stranger to a family that's grown up without him; and young sailor Homer Parrish is tormented by the loss of his hands. Can these three men find the courage to rebuild their world? Or are the best years of their lives a thing of the past?",8.38717,1946-12-25,23650000,172.0,7.6,143,
1957,Chariots of Fire (1981),Drama,82158,9443.0,5500000,"['Drama', 'History']",en,Chariots of Fire,The true story of British athletes preparing for and competing in the 1924 Summer Olympics.,10.439971,1981-05-15,58972904,123.0,6.8,207,
2100,Splash (1984),Comedy|Fantasy|Romance,88161,2619.0,8000000,"['Comedy', 'Fantasy', 'Romance']",en,Splash,"A successful businessman falls in love with the girl of his dreams. There's one big complication though; he's fallen hook, line and sinker for a mermaid.",21.735068,1984-03-09,69821334,111.0,6.1,321,
2161,"NeverEnding Story, The (1984)",Adventure|Children|Fantasy,88323,34584.0,27000000,"['Drama', 'Family', 'Fantasy', 'Adventure']",en,The Neverending Story,"While hiding from bullies in his school's attic, a young boy discovers the extraordinary land of Fantasia, through a magical book called The Neverending Story. The book tells the tale of Atreyu, a young warrior who, with the help of a luck dragon named Falkor, must save Fantasia from the destruction of The Nothing.",47.862016,1984-04-05,20158808,102.0,7.0,1002,
2268,"Few Good Men, A (1992)",Crime|Drama|Thriller,104257,881.0,40000000,['Drama'],en,A Few Good Men,"When cocky military lawyer Lt. Daniel Kaffee and his co-counsel, Lt. Cmdr. JoAnne Galloway, are assigned to a murder case, they uncover a hazing ritual that could implicate high-ranking officials such as shady Col. Nathan Jessep.",40.379966,1992-12-11,243240178,138.0,7.1,877,
2331,Living Out Loud (1998),Comedy|Drama|Romance,120722,46889.0,12000000,"['Comedy', 'Drama', 'Romance']",en,Living Out Loud,"Dramatic comedy about two unlikely people who find each other while looking for love. Judith Nelson (Holly Hunter) is suddenly single after discovering her husband of fifteen years, a successful doctor (Martin Donovan), has been having an affair with a younger woman. Judith stews, plans, plots and fantasizes, but she can't decide what to do with her life until she goes out to a night club to see singer Liz Bailey (Queen Latifah), who is full of advice on life and love. While out on the town, Judith is suddenly kissed by a total stranger, which opens her eyes to new possibilities ... which is when she notices Pat (Danny De Vito), the elevator operator in her building.",0.700792,1998-10-30,12902790,100.0,5.3,11,
2333,Gods and Monsters (1998),Drama,120684,3033.0,10000000,['Drama'],en,Gods and Monsters,"It's 1957, and Whale's heyday as the director of ""Frankenstein,"" ""Bride of Frankenstein"" and ""The Invisible Man"" is long behind him. Retired and a semi-recluse, he lives his days accompanied only by images from his past. When his dour housekeeper, Hannah, hires a handsome young gardener, the flamboyant director and simple yard man develop an unlikely friendship, which will change them forever.",5.588652,1998-01-21,6451628,105.0,6.8,81,
2391,"Simple Plan, A (1998)",Crime|Drama|Thriller,120324,10223.0,0,"['Drama', 'Crime', 'Thriller']",en,A Simple Plan,"Captivated by the lure of sudden wealth, the quiet rural lives of two brothers erupt into conflicts of greed, paranoia and distrust when over $4 million in cash is discovered at the remote site of a downed small airplane. Their simple plan to retain the money while avoiding detection opens a Pandora's box when the fear of getting caught triggers panicked behavior and leads to virulent consequences",10.178917,1998-12-11,0,121.0,6.9,187,
2433,"Civil Action, A (1998)",Drama,120633,9422.0,70000000,['Drama'],en,A Civil Action,"Jan Schlickmann is a cynical lawyer who goes out to ""get rid of"" a case, only to find out it is potentially worth millions. The case becomes his obsession, to the extent that he is willing to give up everything - including his career and his clients' goals, in order to continue the case against all odds.",10.147321,1998-03-05,56702901,115.0,6.1,109,
2469,Peggy Sue Got Married (1986),Comedy|Drama,91738,10013.0,18000000,"['Comedy', 'Drama', 'Fantasy', 'Romance']",en,Peggy Sue Got Married,"Peggy Sue faints at a Highschool reunion. When she wakes up she finds herself in her own past, just before she finished school.",12.243887,1986-10-05,41382841,103.0,5.9,136,
2502,Office Space (1999),Comedy|Crime,151804,1542.0,10000000,"['Comedy', 'Crime']",en,Office Space,Three office workers strike back at their evil employers by hatching a hapless attempt to embezzle money.,18.366362,1999-02-19,12827813,89.0,7.4,1050,
2570,"Walk on the Moon, A (1999)",Drama|Romance,120613,28029.0,14000000,"['Drama', 'Romance']",en,A Walk on the Moon,The world of a young housewife is turned upside down when she has an affair with a free-spirited blouse salesman.,6.370267,1999-01-29,0,107.0,6.2,21,
2600,eXistenZ (1999),Action|Sci-Fi|Thriller,120907,1946.0,15000000,"['Action', 'Thriller', 'Science Fiction', 'Horror']",en,eXistenZ,A game designer on the run from assassins must play her latest virtual reality creation with a marketing trainee to determine if the game has been damaged.,21.928025,1999-04-14,2856712,97.0,6.7,475,
2725,Twin Falls Idaho (1999),Drama,162830,33430.0,0,"['Drama', 'Romance']",en,Twin Falls Idaho,"Francis and Blake Falls are Siamese twins who live in a neat little room in a rundown hotel. While sharing some organs, Blake is always fit and Francis is very sickly. Into their world comes a young lady, who turns their world upside down. She gets involved with Blake, and convinces the two to attend a Halloween party, where they can pass themselves off as wearing a costume. Eventually Francis becomes really ill, and they have to be separated. They then face the physical and mental strains that come from their proposed separation.",0.619136,1999-07-30,0,111.0,7.0,11,
2763,"Thomas Crown Affair, The (1999)",Action|Mystery,155267,913.0,48000000,"['Drama', 'Crime', 'Romance']",en,The Thomas Crown Affair,"A very rich and successful playboy amuses himself by stealing artwork, but may have met his match in a seductive detective.",18.102572,1999-08-06,124305181,113.0,6.6,339,
2791,Airplane! (1980),Comedy,80339,813.0,3500000,['Comedy'],en,Airplane!,"Alcoholic pilot, Ted Striker has developed a fear of flying due to wartime trauma, but nevertheless boards a passenger jet in an attempt to woo back his stewardess girlfriend. Food poisoning decimates the passengers and crew, leaving it up to Striker to land the plane with the help of a glue-sniffing air traffic controller and Striker's vengeful former Air Force captain, who must both talk him down.",46.116885,1980-07-02,83453539,88.0,7.1,1074,
2939,Niagara (1953),Drama|Thriller,46126,19997.0,1250000,"['Crime', 'Drama', 'Thriller']",en,Niagara,"Rose Loomis and her older, gloomier husband, George, are vacationing at a cabin in Niagara Falls, N.Y. The couple befriend Polly and Ray Cutler, who are honeymooning in the area. Polly begins to suspect that something is amiss between Rose and George, and her suspicions grow when she sees Rose in the arms of another man. While Ray initially thinks Polly is overreacting, things between George and Rose soon take a shockingly dark turn.",9.903992,1953-01-21,8500000,92.0,6.7,79,
2947,Goldfinger (1964),Action|Adventure|Thriller,58150,658.0,2500000,"['Adventure', 'Action', 'Thriller']",en,Goldfinger,"Special agent 007 (Sean Connery) comes face to face with one of the most notorious villains of all time, and now he must outwit and outgun the powerful tycoon to prevent him from cashing in on a devious scheme to raid Fort Knox -- and obliterate the world's economy.",47.812466,1964-09-17,124881062,110.0,7.2,987,
2975,"Best Man, The (1999)",Comedy|Drama,168501,16162.0,9000000,"['Drama', 'Comedy']",en,The Best Man,"Harper, a writer who's about to explode into the mainstream leaves behind his girlfriend Robin and heads to New York City to serve as best man for his friend Lance's wedding. Once there, he reunites with the rest of his college circle.",3.951041,1999-10-22,34573780,120.0,6.8,38,
3156,Bicentennial Man (1999),Drama|Romance|Sci-Fi,182789,2277.0,100000000,"['Comedy', 'Science Fiction']",en,Bicentennial Man,"Richard Martin buys a gift, a new NDR-114 robot. The product is named Andrew by the youngest of the family's children. ""Bicentennial Man"" follows the life and times of Andrew, a robot purchased as a household appliance programmed to perform menial tasks. As Andrew begins to experience emotions and creative thought, the Martin family soon discovers they don't have an ordinary robot.",24.939295,1999-12-17,93700000,131.0,6.9,963,
3159,Fantasia 2000 (1999),Animation|Children|Musical|IMAX,120910,49948.0,80000000,"['Animation', 'Family', 'Music']",en,Fantasia 2000,"Blending lively music and brilliant animation, this sequel to the original 'Fantasia' restores 'The Sorcerer's Apprentice' and adds seven new shorts.",14.530946,1999-12-17,90874570,74.0,7.0,292,
3186,"Girl, Interrupted (1999)",Drama,172493,3558.0,40000000,['Drama'],en,"Girl, Interrupted","Set in the changing world of the late 1960's, Susanna Kaysen's prescribed ""short rest"" from a psychiatrist she had met only once becomes a strange, unknown journey into Alice's Wonderland, where she struggles with the thin line between normal and crazy. Susanna soon realizes how hard it is to get out once she has been committed, and she ultimately has to choose between the world of people who belong inside or the difficult world of reality outside.",10.713521,1999-12-21,0,127.0,7.6,721,
3253,Wayne's World (1992),Comedy,105793,8872.0,20000000,"['Music', 'Comedy']",en,Wayne's World,"When a sleazy TV exec offers Wayne and Garth a fat contract to tape their late-night public access show at his network, they can't believe their good fortune. But they soon discover the road from basement to big-time is a gnarly one, fraught with danger, temptation and ragin' party opportunities.",21.815122,1992-02-14,121697323,94.0,6.5,728,
3439,Teenage Mutant Ninja Turtles II: The Secret of the Ooze (1991),Action|Children|Fantasy,103060,1497.0,25000000,"['Science Fiction', 'Adventure', 'Action', 'Comedy', 'Family']",en,Teenage Mutant Ninja Turtles II: The Secret of the Ooze,"The Turtles and the Shredder battle once again, this time for the last cannister of the ooze that created the Turtles, which Shredder wants to create an army of new mutants.",15.505137,1991-03-22,78000000,88.0,5.8,286,
3483,"Road to El Dorado, The (2000)",Animation|Children,138749,10501.0,95000000,"['Adventure', 'Animation', 'Comedy', 'Family']",en,The Road to El Dorado,"After a failed swindle, two con-men end up with a map to El Dorado, the fabled ""city of gold,"" and an unintended trip to the New World.  Much to their surprise, the map does lead the pair to the mythical city, where the startled inhabitants promptly begin to worship them as gods.  The only question is, do they take the worshipful natives for all they're worth, or is there a bit more to El Dorado than riches?",37.054554,2000-03-31,76432727,89.0,7.0,858,
3555,U-571 (2000),Action|Thriller|War,141926,3536.0,62000000,"['Action', 'Drama', 'Thriller', 'War']",en,U-571,"In the midst of World War II, the battle under the sea rages and the Nazis have the upper hand as the Allies are unable to crack their war codes. However, after a wrecked U-boat sends out an SOS signal, the Allies realise this is their chance to seize the 'enigma coding machine'.",18.096884,2000-04-20,127666415,116.0,6.1,340,
3596,Screwed (2000),Comedy,156323,19419.0,0,"['Action', 'Comedy']",en,Screwed,"A chauffeur kidnaps his rich boss's dog to hold it for ransom, but when she accidentally gets the dog back, she thinks that it's the chauffeur who's been kidnapped.",5.359381,2000-05-12,0,81.0,4.9,23,
3624,Shanghai Noon (2000),Action|Adventure|Comedy|Western,184894,8584.0,55000000,"['Adventure', 'Action', 'Comedy', 'Western']",en,Shanghai Noon,"Chon Wang, a clumsy imperial guard trails Princess Pei Pei when she is kidnapped from the Forbidden City and transported to America. Wang follows her captors to Nevada, where he teams up with an unlikely partner, outcast outlaw Roy O'Bannon, and tries to spring the princess from her imprisonment.",25.400935,2000-05-26,56932305,110.0,6.2,735,
3646,Big Momma's House (2000),Comedy,208003,9600.0,30000000,"['Crime', 'Comedy']",en,Big Momma's House,"When a street-smart FBI agent is sent to Georgia to protect a beautiful single mother and her son from an escaped convict, he is forced to impersonate a crass Southern granny known as Big Momma in order to remain incognito.",24.389194,2000-05-31,173959438,98.0,5.6,506,
3754,"Adventures of Rocky and Bullwinkle, The (2000)",Adventure|Animation|Children|Comedy|Fantasy,131704,17711.0,76000000,"['Action', 'Adventure', 'Animation', 'Comedy', 'Family']",en,The Adventures of Rocky & Bullwinkle,"Rocky and Bullwinkle have been living off the finances made from the reruns of their cartoon show. Boris and Natasha somehow manage to crossover into reality and team up with Fearless Leader, an evil criminal turned media mogul with some evil plans up his sleeve. Rocky and Bullwinkle must stop the three of them before they wreak havoc.",8.981427,2000-06-30,35134820,88.0,3.9,87,
3786,But I'm a Cheerleader (1999),Comedy,179116,20770.0,0,['Comedy'],en,But I'm a Cheerleader,"Megan is an all-American girl. A cheerleader. She has a boyfriend. But Megan doesn't like kissing her boyfriend very much. And she's pretty touchy with her cheerleader friends. Her conservative parents worry that she must be a lesbian and send her off to ""sexual redirection"" school, where she must learn how to be straight.",4.826908,1999-09-12,0,85.0,6.5,101,
3945,Digimon: The Movie (2000),Adventure|Animation|Children,259974,20455.0,5500000,"['Fantasy', 'Animation', 'Science Fiction', 'Family']",en,Digimon: The Movie,"The first story focused on Tai and Kari Kamiya four years before their adventure in the Digital World. It shows their first encounter with Digimon and what happened to them (as well as the other children). Tai and Kari wake one morning to find a Digi-Egg that came out of their computer the night before and the egg soon hatches, revealing a Botamon. The Digimon then evolves into Koromon and then Agumon (not the same one that became friends with Tai in the series, and yet, somehow, both Koromon and Kari remember each other), who then goes out and unintentionally destroys a good part of the neighborhood with Kari riding on his back. A second Digi-Egg appears in the sky to reveal an evil digimon, Parrotmon. Agumon then Digivolves to Greymon but isn't strong enough to beat Parrotmon and is knocked out. Tai grabs Kari's whistle and wakes up Greymon, who defeats Parrotmon and disappears with him.",3.7387,2000-03-17,0,82.0,6.2,72,
3986,"6th Day, The (2000)",Action|Sci-Fi|Thriller,216216,8452.0,82000000,['Science Fiction'],en,The 6th Day,Futuristic action about a man who meets a clone of himself and stumbles into a grand conspiracy about clones taking over the world.,18.447479,2000-11-17,96085477,123.0,5.7,595,
3994,Unbreakable (2000),Drama|Sci-Fi,217869,9741.0,75000000,"['Science Fiction', 'Thriller', 'Drama']",en,Unbreakable,"An ordinary man makes an extraordinary discovery when a train accident leaves his fellow passengers dead – and him unscathed. The answer to this mystery could lie with the mysterious Elijah Price, a man who suffers from a disease that renders his bones as fragile as glass.",42.006908,2000-11-13,248118121,106.0,6.9,1946,
4024,"House of Mirth, The (2000)",Romance,200720,25520.0,10000000,"['Drama', 'Romance']",en,The House of Mirth,A woman risks losing her chance of happiness with the only man she has ever loved.,3.007816,2000-09-23,5164404,140.0,6.4,25,
4031,All the Pretty Horses (2000),Drama|Romance|Western,149624,21355.0,57000000,"['Drama', 'Romance', 'Western']",en,All the Pretty Horses,"The year is 1949. A young Texan named John Grady finds himself without a home after his mother sells the ranch where he has spent his entire life. Lured south of the border by the romance of cowboy life and the promise of a fresh start, Cole and his pal embark on an adventure that will test their resilience, define their maturity, and change their lives forever.",7.524671,2000-12-11,0,117.0,5.8,60,
4190,Elmer Gantry (1960),Drama,53793,22013.0,3000000,['Drama'],en,Elmer Gantry,An ex-football player becomes a popular evangelist in the 1920s Midwest.,6.734965,1960-06-19,10400000,146.0,7.3,41,
4238,Along Came a Spider (2001),Action|Crime|Mystery|Thriller,164334,2043.0,60000000,"['Crime', 'Mystery', 'Thriller', 'Action']",en,Along Came a Spider,"When a teacher kidnaps a girl from a prestigious school, homicide detective, Alex Cross takes the case and teams up with young security agent, Jezzie Flannigan in hope of finding the girl and stopping the brutal psychopath. Every second counts as Alex and Jezzie attempt to track down the kidnapper before the spider claims another victim for its web.",21.252797,2001-04-06,105178561,104.0,6.1,400,
4310,Pearl Harbor (2001),Action|Drama|Romance|War,213149,676.0,140000000,"['History', 'Romance', 'War']",en,Pearl Harbor,"The lifelong friendship between Rafe McCawley and Danny Walker is put to the ultimate test when the two ace fighter pilots become entangled in a love triangle with beautiful Naval nurse Evelyn Johnson. But the rivalry between the friends-turned-foes is immediately put on hold when they find themselves at the center of Japan's devastating attack on Pearl Harbor on Dec. 7, 1941.",34.20669,2001-05-21,449220945,183.0,6.6,1791,
4349,Catch-22 (1970),Comedy|War,65528,10364.0,18000000,"['War', 'Comedy', 'Drama']",en,Catch-22,"A bombardier in World War II tries desperately to escape the insanity of the war. However, sometimes insanity is the only sane way to cope with a crazy situation. Catch-22 is a parody of a ""military mentality"" and of a bureaucratic society in general.",4.504377,1970-06-24,24911670,121.0,6.7,72,
4720,"Others, The (2001)",Drama|Horror|Mystery|Thriller,230600,1933.0,0,"['Horror', 'Drama', 'Mystery', 'Thriller']",en,The Others,"Grace is a religious woman who lives in an old house kept dark because her two children, Anne and Nicholas, have a rare sensitivity to light. When the family begins to suspect the house is haunted, Grace fights to protect her children at any cost in the face of strange events and disturbing visions.",25.881355,2001-08-02,0,101.0,7.4,1660,
4756,"Musketeer, The (2001)",Action|Adventure|Drama|Romance,246544,11370.0,40000000,"['Action', 'Adventure', 'Drama']",en,The Musketeer,"In Peter Hyams's adaptation of the famous Alexander Dumas story The Three Musketeers, the young D'Artagnan seeks to join the legendary musketeer brigade and avenge his father's death - but he finds that the musketeers have been disbanded.",3.296933,2001-09-07,27053815,104.0,5.2,56,
4899,Black Knight (2001),Adventure|Comedy|Fantasy,265087,11469.0,0,"['Adventure', 'Comedy', 'Fantasy']",en,Black Knight,"Martin Lawrence plays Jamal, an employee in Medieval World amusement park. After sustaining a blow to the head, he awakens to find himself in 14th century England.",15.913783,2001-11-21,0,95.0,5.1,287,
4975,Vanilla Sky (2001),Mystery|Romance|Sci-Fi|Thriller,259711,1903.0,68000000,"['Drama', 'Mystery', 'Romance', 'Science Fiction', 'Thriller']",en,Vanilla Sky,"David Aames (Tom Cruise) has it all: wealth, good looks and gorgeous women on his arm. But just as he begins falling for the warmhearted Sofia (Penelope Cruz), his face is horribly disfigured in a car accident. That's just the beginning of his troubles as the lines between illusion and reality, between life and death, are blurred.",27.299301,2001-12-10,203388341,136.0,6.5,1078,
4990,Jimmy Neutron: Boy Genius (2001),Adventure|Animation|Children|Comedy,268397,12589.0,25000000,"['Action', 'Adventure', 'Animation', 'Comedy', 'Family', 'Fantasy', 'Science Fiction']",en,Jimmy Neutron: Boy Genius,"Jimmy Neutron is a boy genius and way ahead of his friends, but when it comes to being cool, he's a little behind. All until one day when his parents, and parents all over Earth are kidnapped by aliens, it's up to him to lead all the children of the world to rescue their parents.",12.739721,2001-12-21,80936232,83.0,5.6,231,
5064,The Count of Monte Cristo (2002),Action|Adventure|Drama|Thriller,245844,11362.0,35000000,"['Action', 'Adventure', 'Drama', 'Thriller']",en,The Count of Monte Cristo,"Edmond Dantés's life and plans to marry the beautiful Mercedes are shattered when his best friend, Fernand, deceives him. After spending 13 miserable years in prison, Dantés escapes with the help of a fellow inmate and plots his revenge, cleverly insinuating himself into the French nobility.",26.595983,2002-01-23,75395048,131.0,7.3,453,
5080,Slackers (2002),Comedy,240900,20009.0,14000000,"['Comedy', 'Romance']",en,Slackers,"Dave, Sam and Jeff are about to graduate from Holden University with honors in lying, cheating and scheming. The three roommates have proudly scammed their way through the last four years of college and now, during final exams, these big-men-on-campus are about to be busted by the most unlikely dude in school. Self-dubbed Cool Ethan, an ambitious nerd with a bad crush, enters their lives one day and everything begins to unravel.",9.371811,2002-02-01,6413915,86.0,5.4,60,
5106,Crossroads (2002),Comedy|Musical|Romance,275022,17130.0,12000000,"['Action', 'Adventure', 'Comedy', 'Drama', 'Family', 'Music', 'Romance']",en,Crossroads,"Three friends get together and bury a box making a pact to open it at midnight at their high school graduation. In the little town in Georgia that they live in, things soon change. One is little miss perfect, one is an engaged prom queen, and the other is a pregnant outcast. The night of graduation, they open the box and they strike up a conversation. All of a sudden, one brings up the topic of her going to Los Angeles for a record contract audition. They all decide to go together and they leave. With a little money, they set out on the road with a guy named Ben. When one of them tells the other a rumor that he might be a homicidal maniac they are all scared of him. When they reach LA, Lucy falls in love with Ben and against her father's wishes, she stays and she goes to the audition.",6.703319,2002-02-15,61141030,93.0,4.7,158,
5264,Clockstoppers (2002),Action|Adventure|Sci-Fi|Thriller,250305,15028.0,26000000,"['Adventure', 'Family', 'Science Fiction', 'Thriller']",en,Clockstoppers,"Until now, Zak Gibbs' greatest challenge has been to find a way to buy a car. But when he discovers an odd wristwatch amidst his father's various inventions and slips it on -- something very strange happens. The world around him seems to come to a stop, everything and everybody frozen in time. Zak quickly learns how to manipulate the device and he and his quick-witted and beautiful new friend, Francesca, start to have some real fun.",5.894163,2002-03-17,38793283,94.0,4.9,89,
5440,She Wore a Yellow Ribbon (1949),Western,41866,13909.0,1600000,['Western'],en,She Wore a Yellow Ribbon,"After Custer and the 7th Cavalry are wiped out by Indians, everyone expects the worst. Capt. Nathan Brittles is ordered out on patrol but he's also required to take along Abby Allshard, wife of the Fort's commanding officer, and her niece, the pretty Olivia Dandridge, who are being evacuated for their own safety. Brittles is only a few days away from retirement and Olivia has caught the eye of two of the young officers in the Company, Lt. Flint Cohill and 2nd Lt. Ross Pennell. She's taken to wearing a yellow ribbon in her hair, a sign that she has a beau in the Cavalry, but refuses to say for whom she is wearing it.",8.535178,1949-10-22,5400000,103.0,7.1,61,
5524,Blue Crush (2002),Adventure|Drama|Romance,300532,9266.0,25000000,['Adventure'],en,Blue Crush,"Nothing gets between Anne Marie and her board. Living in a beach shack with three roommates, she is up before dawn every morning to conquer the waves and count the days until the Pipe Masters competition. Having transplanted herself to Hawaii with no one's blessing but her own, Anne Marie finds all she needs in the adrenaline-charged surf scene - until pro quarterback Matt Tollman comes along...",11.42943,2002-08-08,51842679,104.0,5.6,159,
5528,One Hour Photo (2002),Drama|Thriller,265459,9357.0,12000000,"['Horror', 'Thriller']",en,One Hour Photo,"Sy ""the photo guy"" Parrish has lovingly developed photos for the Yorkin family since their son was a baby. But as the Yorkins' lives become fuller, Sy's only seems lonelier, until he eventually believes he's part of their family. When ""Uncle"" Sy's picture-perfect fantasy collides with an ugly dose of reality, what happens next ""has the spine-tingling elements of the best psychological thrillers!""",20.624896,2002-08-21,52223306,96.0,6.6,435,
5994,Nicholas Nickleby (2002),Drama|Romance,309912,29339.0,0,"['Adventure', 'Drama', 'Action', 'Family']",en,Nicholas Nickleby,"The Charles Dickens story of Nicholas Nickleby, a young boy in search of a better life for his recently torn-apart family. A young compassionate man struggles to save his family and friends from the abusive exploitation of his coldheartedly grasping uncle.",5.099923,2002-12-27,0,132.0,6.8,49,
6268,Raising Victor Vargas (2002),Comedy|Drama|Romance,316188,25461.0,800000,"['Drama', 'Romance']",en,Raising Victor Vargas,"The film follows Victor, a Lower East Side teenager, as he deals with his eccentric family, including his strict grandmother, his bratty sister, and a younger brother who completely idolizes him. Along the way he tries to win the affections of Judy, who is very careful and calculating when it comes to how she deals with men.",3.643662,2002-05-16,2816116,88.0,7.8,13,
6338,Daddy Day Care (2003),Children|Comedy,317303,10708.0,60000000,"['Comedy', 'Family']",en,Daddy Day Care,"Two men get laid off and have to become stay-at-home dads when they can't find jobs, which inspires them to open their own day-care center.",18.106021,2003-05-03,164433867,92.0,5.6,506,
6482,Dumb and Dumberer: When Harry Met Lloyd (2003),Comedy,329028,10152.0,19000000,['Comedy'],en,Dumb and Dumberer: When Harry Met Lloyd,"This wacky prequel to the 1994 blockbuster goes back to the lame-brained Harry and Lloyd's days as classmates at a Rhode Island high school, where the unprincipled principal puts the pair in remedial courses as part of a scheme to fleece the school.",15.67747,2003-06-13,39267515,85.0,4.1,210,
6764,"Rundown, The (2003)",Action|Adventure|Comedy,327850,10159.0,85000000,"['Adventure', 'Action', 'Comedy', 'Thriller']",en,The Rundown,"When Travis, the mouthy son of a criminal, disappears in the Amazon in search of a treasured artifact, his father sends in Beck, who becomes Travis's rival for the affections of Mariana, a mysterious Brazilian woman. With his steely disposition, Beck is a man of few words -- but it takes him all the discipline he can muster to work with Travis to nab a tyrant who's after the same treasure.",24.107835,2003-09-26,80916492,104.0,6.4,514,
6888,Scary Movie 3 (2003),Comedy|Horror,306047,4256.0,48000000,['Comedy'],en,Scary Movie 3,"In the third installment of the Scary Movie franchise, news anchorwoman Cindy Campbell has to investigate mysterious crop circles and killing video tapes, and help the President stop an alien invasion in the process.",36.585509,2003-10-24,220673217,84.0,5.8,912,
6952,Gothika (2003),Horror|Thriller,348836,4970.0,40000000,"['Horror', 'Thriller']",en,Gothika,"After a car crash, a criminal psychologist (Halle Berry) comes to, only to find that she's a patient in the same mental institution that currently employs her. It seems she's been accused of murdering her husband -- but she has no memory of committing the crime. As she tries to regain her memory and convince her co-workers of her innocence, a vengeful spirit uses her as an earthly pawn, which further convinces everyone of her guilt.",27.303608,2003-11-21,141591324,98.0,5.8,629,
7048,Nothing to Lose (1997),Action|Adventure|Comedy|Crime,119807,11676.0,25000000,"['Action', 'Adventure', 'Comedy']",en,Nothing to Lose,"Advertising executive Nick Beame learns that his wife is sleeping with his employer. In a state of despair, he encounters a bumbling thief whose attempted carjacking goes awry when Nick takes him on an involuntary joyride. Soon the betrayed businessman and the incompetent crook strike up a partnership and develop a robbery-revenge scheme. But it turns out that some other criminals in the area don't appreciate the competition.",8.618208,1997-07-18,0,97.0,6.3,174,
7090,Hero (Ying xiong) (2002),Action|Adventure|Drama,299977,79.0,31000000,"['Drama', 'Adventure', 'Action', 'History']",zh,英雄,One man defeated three assassins who sought to murder the most powerful warlord in pre-unified China.,23.607392,2002-12-19,177394432,99.0,7.2,635,
7162,Cold Mountain (2003),Drama|Romance|War,159365,2289.0,79000000,['Drama'],en,Cold Mountain,"In this classic story of love and devotion set against the backdrop of the American Civil War, a wounded Confederate soldier named W.P. Inman deserts his unit and travels across the South, aiming to return to his young wife, Ada, who he left behind to tend their farm. As Inman makes his perilous journey home, Ada struggles to keep their home intact with the assistance of Ruby, a mysterious drifter sent to help her by a kindly neighbor.",24.598479,2003-12-24,173013509,154.0,6.7,533,
7192,Only the Strong (1993),Action,107750,15797.0,6000000,['Action'],en,Only the Strong,"Former Green Beret Louis Stevens returns to his hometown of Miami after completing military service in Brazil, only to learn that his old high school has become a haven for gangs and drug dealers. After Stevens uses his capoeira skills to kick several drug dealers off of the school property, Kerrigan, one of Stevens' old teachers, sees the impact that Stevens has on the students. Kerrigan gives him the task of teaching Capoeira to a handful of the worst at-risk students at the school.",5.411243,1993-08-27,3283371,99.0,6.9,29,
7361,Eternal Sunshine of the Spotless Mind (2004),Drama|Romance|Sci-Fi,338013,38.0,20000000,"['Science Fiction', 'Drama', 'Romance']",en,Eternal Sunshine of the Spotless Mind,"Joel Barish, heartbroken that his girlfriend underwent a procedure to erase him from her memory, decides to do the same. However, as he watches his memories of her fade away, he realises that he still loves her, and may be too late to correct his mistake.",56.481487,2004-03-19,72258126,108.0,7.9,3652,
7375,"Prince & Me, The (2004)",Comedy|Romance,337697,11137.0,0,"['Comedy', 'Romance']",en,The Prince & Me,"A fairy tale love-story about pre-med student Paige who falls in love with a Danish Prince ""Eddie"" who refused to follow the traditions of his parents and has come to the US to quench his thirst for rebellion. Paige and Edward come from two different worlds, but there is an undeniable attraction between them.",17.943945,2004-03-28,0,111.0,5.9,278,
8784,Garden State (2004),Comedy|Drama|Romance,333766,401.0,2500000,"['Comedy', 'Drama', 'Romance']",en,Garden State,"Andrew returns to his hometown for the funeral of his mother, a journey that reconnects him with past friends. The trip coincides with his decision to stop taking his powerful antidepressants. A chance meeting with Sam - a girl also suffering from various maladies - opens up the possibility of rekindling emotional attachments, confronting his psychologist father, and perhaps beginning a new life.",30.583959,2004-07-28,26781723,102.0,7.1,618,
8938,Tarnation (2003),Documentary,390538,1435.0,218,"['Documentary', 'Drama']",en,Tarnation,"Filmmaker Jonathan Caouette's documentary on growing up with his schizophrenic mother -- a mixture of snapshots, Super-8, answering machine messages, video diaries, early short films, and more -- culled from 19 years of his life.",1.063439,2003-10-19,1162014,91.0,7.5,22,
26492,Twilight Zone: The Movie (1983),Fantasy|Horror|Sci-Fi|Thriller,86491,15301.0,10000000,"['Drama', 'Fantasy', 'Horror', 'Science Fiction', 'Thriller']",en,Twilight Zone: The Movie,"Four directors collaborated to remake four episodes of the popular television series 'The Twilight Zone' for this movie. The episodes are updated slightly and in color (the television show was in black-and-white), but very true to the originals, where eerie and disturbing situations gradually spin out of control. ""A Quality of Mercy"", ""Kick the Can"", ""It's a Good Life"", and ""Nightmare at 20,000 Feet"".",12.902975,1983-06-24,29450919,101.0,6.2,161,
30883,Fat Albert (2004),Comedy|Fantasy,396592,15045.0,0,"['Comedy', 'Drama', 'Family']",en,Fat Albert,"An obese boy named Fat Albert and his friends Rudy, Mushmouth, Bill, Dumb Donald, Russell, and Weird Harold, pulls into trouble when they ""fall"" out of their TV world into the real world, where Fat Albert tries to help a young girl, Doris, make friends.",7.157635,2004-12-12,0,93.0,4.3,69,
32031,Robots (2005),Adventure|Animation|Children|Comedy|Fantasy|Sci-Fi|IMAX,358082,9928.0,75000000,"['Animation', 'Comedy', 'Family', 'Science Fiction']",en,Robots,"Rodney Copperbottom is a young robot inventor who dreams of making the world a better place, until the evil Ratchet takes over Big Weld Industries. Now, Rodney's dreams – and those of his friends – are in danger of becoming obsolete.",29.558157,2005-03-10,260696994,91.0,6.0,1333,
32598,Fever Pitch (2005),Comedy|Romance,332047,11431.0,30000000,"['Comedy', 'Drama', 'Romance']",en,Fever Pitch,"When relaxed and charming Ben Wrightman meets workaholic Lindsey Meeks she finds him sweet and charming, they hit it off and when it is winter Ben can spend every waking hour with Lindsey, but when summer comes around the corner Lindsey discovers Ben's obsession with the Boston Red Sox. She thinks it is perfect until everything goes downhill for them.",9.965073,2005-04-06,50451307,103.0,5.9,182,
33646,"Longest Yard, The (2005)",Comedy|Drama,398165,9291.0,82000000,"['Comedy', 'Drama']",en,The Longest Yard,"Pro quarter-back, Paul Crewe and former college champion and coach, Nate Scarboro are doing time in the same prison. Asked to put together a team of inmates to take on the guards, Crewe enlists the help of Scarboro to coach the inmates to victory in a football game 'fixed' to turn out quite another way.",26.065735,2005-05-19,190320568,113.0,6.2,785,
34153,Murderball (2005),Documentary,436613,14278.0,300000,['Documentary'],en,Murderball,"Quadriplegics, who play full-contact rugby in wheelchairs, overcome unimaginable obstacles to compete in the Paralympic Games in Athens, Greece.",1.085909,2005-07-22,1750211,88.0,6.9,23,
36397,Valiant (2005),Adventure|Animation|Children|Comedy|Fantasy|War,361089,14175.0,35000000,"['Animation', 'Family', 'Adventure']",en,Valiant,"The animated comedy tells the story of a lowly wood pigeon named Valiant, who overcomes his small size to become a hero in Great Britain's Royal Air Force Homing Pigeon Service during World War II. The RHPS advanced the Allied cause by flying vital messages about enemy movements across the English Channel, whilst evading brutal attacks by the enemy's Falcon Brigade.",14.051852,2005-03-25,19478106,76.0,5.2,235,
36519,Transporter 2 (2005),Action|Crime|Thriller,388482,9335.0,32000000,"['Action', 'Thriller', 'Crime']",en,Transporter 2,"Professional driver Frank Martin is living in Miami, where he is temporarily filling in for a friend as the chauffeur for a government narcotics control policymaker and his family. The young boy in the family is targeted for kidnapping, and Frank immediately becomes involved in protecting the child and exposing the kidnappers.",47.5612,2005-08-02,85167639,87.0,6.2,1061,
40414,Joyeux Noël (Merry Christmas) (2005),Drama|War,424205,11661.0,22000000,"['Romance', 'Drama', 'History', 'War', 'Music']",fr,Joyeux Noël,"In 1914, World War I, the bloodiest war ever at that time in human history, was well under way. However on Christmas Eve, numerous sections of the Western Front called an informal, and unauthorized, truce where the various front-line soldiers of the conflict peacefully met each other in No Man's Land to share a precious pause in the carnage with a fleeting brotherhood.",13.960945,2005-11-09,17709155,116.0,7.2,212,
41285,Match Point (2005),Crime|Drama|Romance,416320,116.0,15000000,"['Drama', 'Thriller', 'Crime', 'Romance']",en,Match Point,"Match Point is Woody Allen’s satire of the British High Society and the ambition of a young tennis instructor to enter into it. Yet when he must decide between two women - one assuring him his place in high society, and the other that would bring him far from it - palms start to sweat and a dark psychological match in his head begins.",30.669913,2005-10-26,85306374,124.0,7.3,1105,
43928,Ultraviolet (2006),Action|Fantasy|Sci-Fi|Thriller,370032,9920.0,30000000,"['Science Fiction', 'Action', 'Thriller']",en,Ultraviolet,"In the late 21st century, a subculture of humans have emerged who have been modified genetically by a vampire-like disease, giving them enhanced speed, incredible stamina and acute intelligence. As they are set apart from ""normal"" and ""healthy"" humans, the world is pushed to the brink of worldwide civil war  aimed at the destruction of the ""diseased"" population. In the middle of this crossed-fire is - an infected woman - Ultraviolet, who finds herself protecting a nine-year-old boy who has been marked for death by the human government as he is believed to be a threat to humans.",15.89534,2006-03-03,31070211,87.0,4.8,458,
45028,"Prairie Home Companion, A (2006)",Comedy|Drama|Musical,420087,9526.0,10000000,"['Drama', 'Comedy', 'Music']",en,A Prairie Home Companion,"A look at what goes on backstage during the last broadcast of America's most celebrated radio show, where singing cowboys Dusty and Lefty, a country music siren, and a host of others hold court",5.025446,2006-06-09,0,105.0,6.4,81,
45431,Over the Hedge (2006),Adventure|Animation|Children|Comedy,327084,7518.0,80000000,"['Comedy', 'Animation', 'Family']",en,Over the Hedge,"A scheming raccoon fools a mismatched family of forest creatures into helping him repay a debt of food, by invading the new suburban sprawl that popped up while they were hibernating – and learns a lesson about family himself.",36.32705,2006-04-22,343397247,83.0,6.3,1074,
45726,"You, Me and Dupree (2006)",Comedy,463034,1819.0,54000000,"['Comedy', 'Romance']",en,"You, Me and Dupree","After standing in as best man for his longtime friend Carl Petersen, Randy Dupree loses his job, becomes a barfly and attaches himself to the newlywed couple almost permanently -- as their houseguest. But the longer Dupree camps out on their couch, the closer he gets to Carl's bride, Molly, leaving the frustrated groom wondering when his pal will be moving out.",18.600367,2006-07-14,130431368,108.0,5.4,407,
46572,Edmond (2005),Drama|Thriller,443496,18191.0,10000000,"['Drama', 'Thriller']",en,Edmond,"Seemingly mild-mannered businessman Edmond Burke visits a fortuneteller and hears a remark that spurs him to leave his wife abruptly and seek what is missing from his life. Encounters with strangers and unsavory people weaken the barriers encompassing his long-suppressed rage, until Edmond explodes in violence.",2.803642,2005-08-31,0,82.0,6.0,50,
47952,"Covenant, The (2006)",Action|Horror|Thriller,475944,9954.0,20000000,"['Action', 'Adventure', 'Fantasy', 'Horror', 'Science Fiction', 'Thriller']",en,The Covenant,Four young men who belong to a supernatural legacy are forced to battle a fifth power long thought to have died out. Another great force they must contend with is the jealousy and suspicion that threatens to tear them apart.,15.804814,2006-09-08,37597471,97.0,5.2,288,
49314,Harsh Times (2006),Action|Crime|Drama,433387,7873.0,2000000,"['Crime', 'Drama', 'Thriller', 'Action']",en,Harsh Times,"Jim Davis is an ex-Army Ranger who finds himself slipping back into his old life of petty crime after a job offer from the LAPD evaporates. His best friend is pressured by his girlfriend Sylvia to find a job, but Jim is more interested in hanging out and making cash from small heists, while trying to get a law enforcement job so he can marry his Mexican girlfriend.",12.999023,2005-09-11,5967038,120.0,6.3,197,
50601,Bridge to Terabithia (2007),Adventure|Children|Fantasy,398808,1265.0,60000000,"['Adventure', 'Drama', 'Family']",en,Bridge to Terabithia,"Jesse Aarons trained all summer to become the fastest runner in school, so he's very upset when newcomer Leslie Burke outruns him and everyone else. Despite this and other differences, including that she's rich, he's poor, and she's a city girl, he's a country boy, the two become fast friends. Together, they create Terabithia, a land of monsters, trolls, ogres, and giants and rule as king and queen.",40.646102,2007-02-16,137587063,96.0,7.0,1113,
51540,Zodiac (2007),Crime|Drama|Thriller,443706,1949.0,65000000,"['Crime', 'Drama', 'Mystery', 'Thriller']",en,Zodiac,"The true story of the investigation of 'The Zodiac Killer',  a serial killer who terrified the San Francisco Bay Area, taunting police with his ciphers and letters. The case becomes an obsession for four men as their lives and careers are built and destroyed by the endless trail of clues.",51.970905,2007-03-02,84785914,157.0,7.3,2023,
53123,Once (2006),Drama|Musical|Romance,907657,5723.0,160000,"['Drama', 'Music', 'Romance']",en,Once,"A vacuum repairman moonlights as a street musician and hopes for his big break. One day a Czech immigrant, who earns a living selling flowers, approaches him with the news that she is also an aspiring singer-songwriter. The pair decide to collaborate, and the songs that they compose reflect the story of their blossoming love.",19.052179,2007-03-23,20710513,85.0,7.3,453,
55272,We Own the Night (2007),Crime|Drama,498399,2001.0,21000000,"['Drama', 'Crime', 'Thriller']",en,We Own the Night,A New York nightclub manager tries to save his brother and father from Russian mafia hitmen.,14.518708,2007-05-25,54926886,117.0,6.5,323,
55814,"Diving Bell and the Butterfly, The (Scaphandre et le papillon, Le) (2007)",Drama,401383,2013.0,14000000,['Drama'],fr,Le scaphandre et le papillon,"Elle France editor Jean-Dominique Bauby, who, in 1995 at the age of 43, suffered a stroke that paralyzed his entire body, except his left eye. Using that eye to blink out his memoir, Bauby eloquently described the aspects of his interior world, from the psychological torment of being trapped inside his body to his imagined stories from lands he'd only visited in his mind.",13.65494,2007-05-22,19777647,112.0,7.4,283,
56339,"Orphanage, The (Orfanato, El) (2007)",Drama|Horror|Mystery|Thriller,464141,6537.0,0,"['Horror', 'Drama', 'Thriller']",es,El orfanato,"A woman brings her family back to her childhood home, which used to be an orphanage, intent on reopening it. Before long, her son starts to communicate with a new invisible friend.",29.071955,2007-08-27,44000000,105.0,7.1,633,
61401,"Spirit, The (2008)",Action|Comedy|Fantasy|Thriller,831887,8285.0,60000000,"['Action', 'Comedy', 'Thriller', 'Crime', 'Science Fiction']",en,The Spirit,"Down these mean streets a man must come. A hero born, murdered, and born again. When a Rookie cop named Denny Colt returns from the beyond as The Spirit, a hero whose mission is to fight against the bad forces from the shadows of Central City, the Octopus who kills anyone unfortunate enough to see his face who has other plans. He's going to wipe out the entire city.",14.84856,2008-12-25,39031337,103.0,4.7,320,
63540,Beverly Hills Chihuahua (2008),Adventure|Children|Comedy,1014775,14405.0,20000000,"['Adventure', 'Comedy', 'Family']",en,Beverly Hills Chihuahua,"A pampered Beverly Hills chihuahua named Chloe who, while on vacation in Mexico with her owner Viv's niece, Rachel, gets lost and must rely on her friends to help her get back home before she is caught by a dognapper who wants to ransom her.",12.25264,2008-10-03,149281606,91.0,4.9,209,
64034,"Boy in the Striped Pajamas, The (Boy in the Striped Pyjamas, The) (2008)",Drama|War,914798,14574.0,12500000,"['War', 'Drama']",en,The Boy in the Striped Pyjamas,"When his family moves from their home in Berlin to a strange new house in Poland, young Bruno befriends Shmuel, a boy who lives on the other side of the fence where everyone seems to be wearing striped pajamas. Unaware of Shmuel's fate as a Jewish prisoner or the role his own Nazi father plays in his imprisonment, Bruno embarks on a dangerous journey inside the camp's walls.",34.821223,2008-05-07,20416563,94.0,7.7,1451,
65585,Bride Wars (2009),Comedy|Romance,901476,10521.0,30000000,['Comedy'],en,Bride Wars,Two best friends become rivals when their respective weddings are accidentally booked for the same day.,33.385429,2009-01-09,114663461,89.0,5.9,856,
66240,Dead Like Me: Life After Death (2009),Comedy|Fantasy,1079444,14849.0,0,"['Drama', 'Fantasy', 'Comedy']",en,Dead Like Me: Life After Death,"When George and her colleagues get a new boss whose focus is on moving souls quickly and enjoying life without consequences, the team begins to break the strict reaper rules. While her friends fall victim to their desires for money, success, and fame, George breaks another rule by revealing her true identity to her living family.",7.864905,2009-02-17,0,87.0,5.8,65,
69604,Whatever Works (2009),Comedy|Romance,1178663,19265.0,15000000,"['Comedy', 'Romance']",en,Whatever Works,"Whatever Works explores the relationship between a crotchety misanthrope, Boris and a naïve, impressionable young runaway from the south, Melody. When Melody's uptight parents arrive in New York to rescue her, they are quickly drawn into wildly unexpected romantic entanglements. Everyone discovers that finding love is just a combination of lucky chance and appreciating the value of ""whatever works.""",21.857387,2009-06-19,35097815,92.0,6.8,350,
69644,Ice Age: Dawn of the Dinosaurs (2009),Action|Adventure|Animation|Children|Comedy|Romance,1080016,8355.0,90000000,"['Animation', 'Comedy', 'Family', 'Adventure']",en,Ice Age: Dawn of the Dinosaurs,"Times are changing for Manny the moody mammoth, Sid the motor mouthed sloth and Diego the crafty saber-toothed tiger. Life heats up for our heroes when they meet some new and none-too-friendly neighbors – the mighty dinosaurs.",69.457898,2009-06-29,886686817,94.0,6.5,2271,
70641,Miss March (2009),Comedy,1151922,19556.0,0,"['Comedy', 'Romance']",en,Miss March,A young man awakens from a four-year coma to hear that his once virginal high-school sweetheart has since become a centerfold in one of the world's most famous men's magazines. He and his sex-crazed best friend decide to take a cross-country road trip in order to crash a party at the magazine's legendary mansion headquarters and win back the girl.,9.371534,2009-03-13,0,89.0,5.4,77,
71466,City Island (2009),Comedy|Drama,1174730,28053.0,6000000,"['Drama', 'Comedy']",en,City Island,"The Rizzos, a family who doesn't share their habits, aspirations, and careers with one another, find their delicate web of lies disturbed by the arrival of a young ex-con brought home by Vince, the patriarch of the family, who is a corrections officer in real life, and a hopeful actor in private.",6.497285,2009-03-06,6670712,104.0,6.9,113,
71619,Coco Before Chanel (Coco avant Chanel) (2009),Drama,1035736,11156.0,0,"['Drama', 'History']",fr,Coco avant Chanel,"2009 biopic about the early life of Coco Chanel. Several years after leaving the orphanage, to which her father never returned for her, Gabrielle Chanel finds herself working in a provincial bar both. She's both a seamstress for the performers and a singer, earning the nickname Coco from the song she sings nightly with her sister. A liaison with Baron Balsan gives her an entree into French society and a chance to develop her gift for designing.",8.426589,2009-04-22,0,110.0,6.6,246,
75805,"Bounty Hunter, The (2010)",Action|Comedy|Romance,1038919,27573.0,40000000,['Action'],en,The Bounty Hunter,"Milo Boyd is a bounty hunter whose latest gig is rather satisfying, as he finds out that the bail-skipper he must chase down is his own ex-wife, Nicole -- but she has no intention of getting nabbed without a fight. Complicating matters, Nicole's wannabe-boyfriend, Stewart, joins the chase.",33.747825,2010-03-16,136000000,110.0,5.5,858,
77866,Robin Hood (2010),Action|Adventure|Drama|Romance|War,955308,20662.0,200000000,"['Action', 'Adventure']",en,Robin Hood,"When soldier Robin happens upon the dying Robert of Loxley, he promises to return the man's sword to his family in Nottingham. There, he assumes Robert's identity; romances his widow, Marion; and draws the ire of the town's sheriff and King John's henchman, Godfrey.",37.668301,2010-05-12,310669540,140.0,6.2,1398,
78116,Please Give (2010),Comedy|Drama,878835,40247.0,3000000,"['Comedy', 'Drama']",en,Please Give,"In New York City, a husband and wife butt heads with the granddaughters of the elderly woman who lives in the apartment the couple owns.",5.325156,2010-01-22,0,90.0,6.0,57,
80693,It's Kind of a Funny Story (2010),Comedy|Drama,804497,43923.0,8000000,"['Comedy', 'Drama']",en,It's Kind of a Funny Story,A clinically depressed teenager gets a new start after he checks himself into an adult psychiatric ward.,13.143045,2010-07-06,6491240,101.0,6.9,672,
81537,Due Date (2010),Comedy,1231583,41733.0,65000000,"['Comedy', 'Drama']",en,Due Date,"Peter Highman must scramble across the US in five days to be present for the birth of his first child. He gets off to a bad start when his wallet and luggage are stolen, and put on the 'no-fly' list. Peter embarks on a terrifying journey when he accepts a ride from an actor.",43.865294,2010-11-04,211780824,95.0,6.2,1685,
82202,"Tourist, The (2010)",Drama|Thriller,1243957,37710.0,100000000,"['Action', 'Thriller', 'Romance']",en,The Tourist,"American tourist Frank (Johnny Depp) meets mysterious British woman Elsie (Angelina Jolie) on the train to Venice. Romance seems to bud, but there's more to her than meets the eye. Remake of the 2005 French film ""Anthony Zimmer"", written and directed by Jérôme Salle.",41.426678,2010-12-08,278731369,103.0,6.0,1699,
84847,Emma (2009),Comedy|Drama|Romance,1366312,183894.0,0,"['Romance', 'Comedy', 'Drama']",en,Emma,"Emma Woodhouse seems to be perfectly content, a loving father whom she cares for, friends, and a home. But Emma has a terrible habit - matchmaking. She cannot resist finding suitors for her friends, most of all Harriet Smith. Emma is desperate for Harriet to find happiness, but every suitor she finds for her friend ends up attracted to Emma herself. But is Emma so focused on Harriet's happiness that she is not considering her own happiness in love?",2.135689,2009-10-11,0,240.0,7.6,38,
85020,"Mechanic, The (2011)",Action|Drama|Thriller,472399,27582.0,40000000,"['Action', 'Thriller', 'Crime']",en,The Mechanic,"Arthur Bishop is a 'mechanic' - an elite assassin with a strict code and unique talent for cleanly eliminating targets. It's a job that requires professional perfection and total detachment, and Bishop is the best in the business. But when he is ordered to take out his mentor and close friend Harry, Bishop is anything but detached.",44.094856,2011-01-13,51070807,93.0,6.3,1045,
85367,Just Go with It (2011),Comedy|Romance,1564367,50546.0,80000000,"['Romance', 'Comedy']",en,Just Go with It,"A plastic surgeon, romancing a much younger schoolteacher, enlists his loyal assistant to pretend to be his soon to be ex-wife, in order to cover up a careless lie. When more lies backfire, the assistant's kids become involved, and everyone heads off for a weekend in Hawaii that will change all their lives.",37.02665,2011-02-10,214918407,117.0,6.3,1543,
85401,Super (2010),Action|Comedy|Drama,1512235,45132.0,2500000,"['Comedy', 'Action', 'Drama']",en,Super,"After his wife falls under the influence of a drug dealer, an everyday guy transforms himself into Crimson Bolt, a superhero with the best intentions, though he lacks for heroic skills.",12.204569,2010-09-09,324138,96.0,6.6,441,
90057,Take Shelter (2011),Drama,1675192,64720.0,5000000,"['Thriller', 'Drama']",en,Take Shelter,"Plagued by a series of apocalyptic visions, a young husband and father questions whether to shelter his family from a coming storm, or from himself.",19.807295,2011-11-25,3099314,120.0,7.1,471,
91976,"Grey, The (2012)",Action|Drama,1601913,75174.0,25000000,"['Action', 'Drama', 'Thriller']",en,The Grey,An oil drilling team struggles to survive after a plane crash strands them in the wilds of Alaska. Hunting them is a pack of wolves that sees them as intruders.,48.552871,2012-01-26,77278331,117.0,6.4,1451,
94799,Sound of My Voice (2011),Drama|Mystery|Sci-Fi,1748207,86812.0,0,"['Science Fiction', 'Drama', 'Mystery']",en,Sound of My Voice,A journalist and his girlfriend get pulled in while they investigate a cult whose leader claims to be from the future.,6.192383,2011-01-22,0,85.0,6.3,108,
97923,Flight (2012),Drama,1907668,87502.0,31000000,['Drama'],en,Flight,"Commercial airline pilot Whip Whitaker has a problem with drugs and alcohol, though so far he's managed to complete his flights safely. His luck runs out when a disastrous mechanical malfunction sends his plane hurtling toward the ground. Whip pulls off a miraculous crash-landing that results in only six lives lost. Shaken to the core, Whip vows to get sober -- but when the crash investigation exposes his addiction, he finds himself in an even worse situation.",42.213765,2012-11-02,161772375,138.0,6.5,2415,
99007,Warm Bodies (2013),Comedy|Horror|Romance,1588173,82654.0,35000000,"['Horror', 'Comedy', 'Romance']",en,Warm Bodies,"After a zombie becomes involved with the girlfriend of one of his victims, their romance sets in motion a sequence of events that might transform the entire lifeless world.",43.742241,2013-01-31,116980662,97.0,6.4,2652,
99114,Django Unchained (2012),Action|Drama|Western,1853728,68718.0,100000000,"['Drama', 'Western']",en,Django Unchained,"With the help of a German bounty hunter, a freed slave sets out to rescue his wife from a brutal Mississippi plantation owner.",82.121691,2012-12-25,425368238,165.0,7.8,10099,
102903,Now You See Me (2013),Crime|Mystery|Thriller,1670345,75656.0,75000000,"['Thriller', 'Crime']",en,Now You See Me,An FBI agent and an Interpol detective track a team of illusionists who pull off bank heists during their performances and reward their audiences with the money.,71.124686,2013-05-29,117698894,115.0,7.3,5487,
103624,Fruitvale Station (2013),Drama,2334649,157354.0,0,['Drama'],en,Fruitvale Station,"The true story of Oscar, a 22-year-old Bay Area resident, who crosses paths with friends, enemies, family, and strangers on the last day of 2008.",20.967146,2013-07-25,17385830,85.0,7.3,390,
103655,R.I.P.D. (2013),Action|Comedy|Fantasy,790736,49524.0,130000000,"['Fantasy', 'Action', 'Comedy', 'Crime']",en,R.I.P.D.,A recently slain cop joins a team of undead police officers working for the Rest in Peace Department and tries to find the man who murdered him. Based on the comic by Peter M. Lenkov.,39.448066,2013-07-18,61648500,96.0,5.4,1260,
105844,12 Years a Slave (2013),Drama,2024544,76203.0,20000000,"['Drama', 'History']",en,12 Years a Slave,"In the pre-Civil War United States, Solomon Northup, a free black man from upstate New York, is abducted and sold into slavery. Facing cruelty as well as unexpected kindnesses Solomon struggles not only to stay alive, but to retain his dignity. In the twelfth year of his unforgettable odyssey, Solomon’s chance meeting with a Canadian abolitionist will forever alter his life.",95.9229,2013-10-18,187000000,134.0,7.9,3674,
110127,Noah (2014),Adventure|Drama|IMAX,1959490,86834.0,125000000,"['Drama', 'Adventure']",en,Noah,A man who suffers visions of an apocalyptic deluge takes measures to protect his family from the coming flood.,46.115758,2014-03-20,362637473,139.0,5.6,2350,
110730,Transcendence (2014),Drama|Sci-Fi|IMAX,2209764,157353.0,100000000,"['Thriller', 'Science Fiction', 'Drama', 'Mystery']",en,Transcendence,"Two leading computer scientists work toward their goal of Technological Singularity,  as a radical anti-technology organization fights to prevent them from creating a world where computers can transcend the abilities of the human brain.",58.991388,2014-04-16,103039258,119.0,5.9,2295,
